Dataset,Model,Feature Selection,Balanced,Selected Feature Count,Best Params,CV Macro F1,Train+Val Accuracy,Train+Val Macro F1,Test Accuracy,Test Macro F1
EmoSounds,Logistic Regression,No,No,68,{'model__C': 1.0},0.5326594823222143,0.8229166666666666,0.7656607944822568,0.7,0.5655642633228839
EmoSounds,Logistic Regression,Yes,No,20,{'model__C': 10.0},0.5324515333719795,0.7104166666666667,0.5977841982785645,0.75,0.5692283230867077
EmoSounds,Logistic Regression,No,Yes,68,{'model__C': 10.0},0.5323432212731225,0.85625,0.8360284655701438,0.6666666666666666,0.5600544888427608
EmoSounds,Logistic Regression,Yes,Yes,20,{'model__C': 10.0},0.5611764650371223,0.6541666666666667,0.6155907704967988,0.675,0.5800539774223985
EmoSounds,Decision Tree,No,No,68,"{'model__max_depth': 5, 'model__min_samples_split': 5}",0.4930719768820374,0.8083333333333333,0.7050099709379487,0.575,0.40002411663875004
EmoSounds,Decision Tree,Yes,No,20,"{'model__max_depth': None, 'model__min_samples_split': 5}",0.47039093755249645,0.94375,0.9344438209614967,0.5833333333333334,0.4543067226890756
EmoSounds,Decision Tree,No,Yes,68,"{'model__max_depth': 3, 'model__min_samples_split': 2}",0.5120017515133427,0.675,0.6259725814263065,0.6,0.5227914154916281
EmoSounds,Decision Tree,Yes,Yes,20,"{'model__max_depth': 5, 'model__min_samples_split': 2}",0.5177157549400079,0.7333333333333333,0.7006410256410257,0.5833333333333334,0.4676919485743015
EmoSounds,KNN,No,No,68,"{'model__n_neighbors': 7, 'model__weights': 'uniform'}",0.5020245531545231,0.6979166666666666,0.6213670145781306,0.6916666666666667,0.5961777606563803
EmoSounds,KNN,Yes,No,20,"{'model__n_neighbors': 7, 'model__weights': 'uniform'}",0.525744979065814,0.7104166666666667,0.6304420672065848,0.6833333333333333,0.5844660194174758
EmoSounds,KNN,No,Yes,68,"{'model__n_neighbors': 3, 'model__weights': 'distance'}",0.4431531882588671,1.0,1.0,0.575,0.5329647679402792
EmoSounds,KNN,Yes,Yes,20,"{'model__n_neighbors': 7, 'model__weights': 'distance'}",0.5117691152282713,1.0,1.0,0.55,0.522423352902805
IADSED,Logistic Regression,No,No,68,{'model__C': 1.0},0.5266232157361179,0.7260458839406208,0.666534510132927,0.6397849462365591,0.5589284575739865
IADSED,Logistic Regression,Yes,No,20,{'model__C': 1.0},0.49144356447049525,0.650472334682861,0.539071635217502,0.6075268817204301,0.513888888888889
IADSED,Logistic Regression,No,Yes,68,{'model__C': 10.0},0.49407374585142155,0.6464237516869096,0.6345044390255034,0.553763440860215,0.5317893734246008
IADSED,Logistic Regression,Yes,Yes,20,{'model__C': 1.0},0.4762032121516949,0.5209176788124157,0.5058449766982047,0.553763440860215,0.5473647684356778
IADSED,Decision Tree,No,No,68,"{'model__max_depth': None, 'model__min_samples_split': 5}",0.43333035204029546,0.9487179487179487,0.9333547219878191,0.5268817204301075,0.4586775248154906
IADSED,Decision Tree,Yes,No,20,"{'model__max_depth': 5, 'model__min_samples_split': 2}",0.4339118893825857,0.7152496626180836,0.6099881991639889,0.6021505376344086,0.46569555201134144
IADSED,Decision Tree,No,Yes,68,"{'model__max_depth': None, 'model__min_samples_split': 5}",0.4063281461239649,0.9757085020242915,0.9742530268993636,0.40860215053763443,0.3721988956988288
IADSED,Decision Tree,Yes,Yes,20,"{'model__max_depth': 5, 'model__min_samples_split': 5}",0.4416794882090599,0.5101214574898786,0.534332515566431,0.43010752688172044,0.44825293551948897
IADSED,KNN,No,No,68,"{'model__n_neighbors': 3, 'model__weights': 'distance'}",0.45010365972281485,1.0,1.0,0.6236559139784946,0.5659843413197162
IADSED,KNN,Yes,No,20,"{'model__n_neighbors': 3, 'model__weights': 'distance'}",0.49583631239810194,1.0,1.0,0.5645161290322581,0.5046565579187695
IADSED,KNN,No,Yes,68,"{'model__n_neighbors': 3, 'model__weights': 'distance'}",0.4270383692367825,1.0,1.0,0.553763440860215,0.5227974433441249
IADSED,KNN,Yes,Yes,20,"{'model__n_neighbors': 3, 'model__weights': 'distance'}",0.4635046289668188,1.0,1.0,0.4946236559139785,0.4858017934114802
