AWL,ASL,NWO,NVB,NAJ,NPV,NST,CDV,NTP,TPR,label
4.658536585365853,16.4,82,12,6,0,5,0.9523809523809523,5,0.06097560975609756,0
4.11214953271028,17.833333333333332,107,15,8,1,6,0.9591836734693877,4,0.037383177570093455,0
3.526315789473684,16.285714285714285,114,15,5,2,7,0.8809523809523809,1,0.008771929824561403,0
4.39344262295082,15.25,61,9,7,0,4,0.9285714285714286,1,0.01639344262295082,0
4.472972972972973,14.8,74,10,9,0,5,0.9473684210526315,0,0.0,0
4.11214953271028,11.88888888888889,107,15,5,4,9,0.8727272727272727,3,0.028037383177570093,0
4.255102040816326,14.0,98,19,6,1,7,0.8541666666666666,2,0.02040816326530612,0
3.794642857142857,14.0,112,13,7,0,8,0.8604651162790697,1,0.008928571428571428,0
3.8734177215189876,8.777777777777779,79,5,8,1,9,0.7435897435897436,1,0.012658227848101266,0
4.434343434343434,16.5,99,10,6,2,6,0.9487179487179487,1,0.010101010101010102,0
4.137614678899083,12.11111111111111,109,19,13,0,9,0.803921568627451,4,0.03669724770642202,0
4.378378378378378,14.8,74,7,6,0,5,0.918918918918919,3,0.04054054054054054,0
4.677083333333333,96.0,96,9,10,1,1,0.7678571428571429,4,0.041666666666666664,1
4.123404255319149,15.666666666666666,235,23,25,0,15,0.7946428571428571,12,0.05106382978723404,1
4.783068783068783,13.5,189,18,39,0,14,0.8317757009345794,6,0.031746031746031744,1
4.084507042253521,17.75,71,10,7,0,4,0.8918918918918919,0,0.0,1
4.078947368421052,10.857142857142858,76,10,6,0,7,0.9411764705882353,0,0.0,1
4.222222222222222,9.0,36,6,4,0,4,0.9473684210526315,0,0.0,1
3.954022988505747,29.0,174,22,19,0,6,0.8133333333333334,1,0.005747126436781609,1
4.307086614173229,11.545454545454545,127,17,15,2,11,0.9824561403508771,1,0.007874015748031496,1
4.722222222222222,6.0,36,1,7,0,6,0.9130434782608695,2,0.05555555555555555,1
4.593220338983051,9.833333333333334,59,4,8,0,6,0.9714285714285714,2,0.03389830508474576,1
4.194444444444445,18.0,72,5,12,0,4,0.84375,1,0.013888888888888888,1
4.36734693877551,9.8,49,5,8,1,5,0.8636363636363636,2,0.04081632653061224,1
4.02,12.5,50,8,5,0,4,0.8571428571428571,0,0.0,0
4.338983050847458,14.75,59,5,6,0,4,0.8709677419354839,0,0.0,0
4.338461538461538,21.666666666666668,65,6,8,0,3,0.7714285714285715,0,0.0,0
4.64,10.0,50,4,4,1,5,0.9583333333333334,0,0.0,0
4.527272727272727,13.75,55,6,6,0,4,0.78125,0,0.0,0
4.164285714285715,20.0,140,15,17,1,7,0.9032258064516129,1,0.007142857142857143,1
4.253012048192771,13.833333333333334,83,11,9,0,6,0.9117647058823529,0,0.0,1
4.160377358490566,17.666666666666668,106,12,9,2,6,0.875,1,0.009433962264150943,1
4.72,25.0,50,5,7,0,2,0.9,1,0.02,1
4.347222222222222,24.0,72,7,7,0,3,0.9714285714285714,0,0.0,1
4.253521126760563,11.833333333333334,71,12,5,2,6,0.9117647058823529,1,0.014084507042253521,0
3.9746835443037973,15.8,79,9,11,0,5,0.7209302325581395,1,0.012658227848101266,0
4.3768115942028984,17.25,69,7,7,0,4,0.7428571428571429,0,0.0,0
3.911111111111111,15.0,45,3,5,0,3,0.75,1,0.022222222222222223,0
3.547945205479452,18.25,73,7,5,0,4,0.8148148148148148,1,0.0136986301369863,0
4.295454545454546,17.6,88,15,4,0,5,0.7804878048780488,0,0.0,0
4.054054054054054,14.8,74,7,3,0,5,0.8285714285714286,1,0.013513513513513514,0
4.045454545454546,11.0,66,7,8,0,6,0.9,1,0.015151515151515152,0
3.870967741935484,23.25,93,10,13,0,4,0.8780487804878049,2,0.021505376344086023,1
3.764705882352941,10.625,85,13,8,0,8,0.8648648648648649,2,0.023529411764705882,1
3.7735849056603774,15.142857142857142,106,14,11,1,7,0.8636363636363636,3,0.02830188679245283,1
3.889908256880734,8.384615384615385,109,8,8,1,13,0.9591836734693877,2,0.01834862385321101,1
4.115942028985507,17.25,69,6,6,1,4,0.918918918918919,0,0.0,1
4.27906976744186,12.9,129,17,13,0,10,0.9552238805970149,3,0.023255813953488372,1
3.725,11.428571428571429,80,11,3,2,7,0.85,1,0.0125,1
4.0,17.75,213,30,17,1,12,0.8217821782178217,2,0.009389671361502348,1
4.470588235294118,17.0,68,8,6,0,4,0.8421052631578947,0,0.0,0
4.333333333333333,13.8,69,6,9,0,5,0.9090909090909091,0,0.0,0
3.792207792207792,15.4,77,13,3,0,5,0.9696969696969697,1,0.012987012987012988,0
4.084507042253521,11.833333333333334,71,7,7,1,6,0.9696969696969697,1,0.014084507042253521,0
3.9080459770114944,10.875,87,13,7,1,8,0.7777777777777778,1,0.011494252873563218,0
4.12987012987013,9.625,77,10,5,0,8,0.9487179487179487,0,0.0,0
4.134146341463414,10.25,82,5,15,0,8,0.8181818181818182,1,0.012195121951219513,0
4.151162790697675,12.285714285714286,172,20,22,0,14,0.9047619047619048,1,0.005813953488372093,1
4.058064516129032,14.090909090909092,155,18,12,0,11,0.9078947368421053,0,0.0,1
4.745454545454545,6.111111111111111,55,6,8,0,9,0.9666666666666667,1,0.01818181818181818,1
3.7806122448979593,39.2,196,33,5,1,5,0.735632183908046,5,0.025510204081632654,1
3.9615384615384617,7.428571428571429,52,5,5,1,7,0.84,1,0.019230769230769232,1
4.32,12.5,50,6,8,1,4,0.9523809523809523,1,0.02,1
4.578947368421052,12.666666666666666,76,8,8,0,6,0.8857142857142857,1,0.013157894736842105,1
4.12,8.333333333333334,25,3,2,0,3,0.9166666666666666,0,0.0,0
3.9661016949152543,11.8,59,7,5,0,5,0.9166666666666666,1,0.01694915254237288,0
4.037037037037037,9.0,54,10,1,0,6,0.8518518518518519,0,0.0,0
3.933333333333333,11.25,45,6,5,0,4,0.84,0,0.0,0
4.305555555555555,9.0,36,1,9,0,4,0.7894736842105263,1,0.027777777777777776,1
4.268656716417911,6.7,67,7,7,1,10,0.8235294117647058,1,0.014925373134328358,1
3.75,8.0,16,1,2,0,2,1.0,0,0.0,1
4.388888888888889,7.714285714285714,54,5,5,0,7,0.8387096774193549,1,0.018518518518518517,1
4.088235294117647,17.0,68,8,5,0,4,0.7878787878787878,0,0.0,0
3.875,17.6,88,16,6,1,5,0.8181818181818182,0,0.0,0
4.571428571428571,18.666666666666668,56,8,4,1,3,0.8518518518518519,0,0.0,0
4.164285714285715,20.0,140,15,17,1,7,0.9032258064516129,1,0.007142857142857143,1
3.9047619047619047,7.0,21,1,4,0,3,1.0,0,0.0,1
3.625,2.6666666666666665,8,1,0,0,3,1.0,0,0.0,1
4.195652173913044,9.2,46,5,4,0,5,0.92,0,0.0,0
4.0,14.2,71,9,2,0,5,0.96,0,0.0,0
3.838709677419355,15.5,62,10,3,1,4,0.88,0,0.0,0
3.7846153846153845,13.0,65,12,8,0,5,0.8709677419354839,0,0.0,0
5.607142857142857,7.0,28,0,8,0,4,1.0,0,0.0,1
4.653846153846154,6.5,26,2,3,0,4,0.8235294117647058,1,0.038461538461538464,1
5.0,9.0,9,0,5,0,1,1.0,0,0.0,1
4.745454545454545,6.111111111111111,55,6,8,0,9,0.9666666666666667,1,0.01818181818181818,1
4.7631578947368425,7.6,38,6,4,0,5,0.9523809523809523,2,0.05263157894736842,1
4.676470588235294,6.8,34,1,6,0,5,0.8095238095238095,1,0.029411764705882353,1
3.909090909090909,11.0,77,8,8,0,7,1.0,0,0.0,1
3.7142857142857144,11.0,77,7,9,0,7,0.8888888888888888,2,0.025974025974025976,1
4.666666666666667,13.0,39,1,7,0,3,0.9,2,0.05128205128205128,0
4.275,10.909090909090908,120,9,14,2,11,0.7962962962962963,1,0.008333333333333333,0
4.45,20.0,60,3,10,1,3,1.0,1,0.016666666666666666,0
3.740740740740741,13.5,54,6,5,0,4,0.9310344827586207,1,0.018518518518518517,0
4.138888888888889,12.0,108,10,12,0,9,0.8333333333333334,0,0.0,1
4.025,13.333333333333334,40,5,4,0,3,0.8947368421052632,0,0.0,1
4.323076923076923,13.0,65,6,7,0,5,0.9032258064516129,2,0.03076923076923077,1
4.290322580645161,15.5,31,2,4,0,2,0.8823529411764706,0,0.0,1
4.205882352941177,8.5,34,7,1,0,4,0.9411764705882353,2,0.058823529411764705,0
3.888888888888889,20.25,81,11,7,0,4,0.8378378378378378,1,0.012345679012345678,0
3.4716981132075473,17.666666666666668,53,6,2,1,3,0.8823529411764706,1,0.018867924528301886,0
4.090909090909091,7.333333333333333,44,5,5,0,6,0.9545454545454546,1,0.022727272727272728,0
4.038461538461538,10.4,52,5,4,0,5,1.0,3,0.057692307692307696,1
4.0495049504950495,12.625,101,15,6,0,8,0.8837209302325582,0,0.0,1
4.5,9.2,46,4,6,0,5,0.8333333333333334,1,0.021739130434782608,1
4.916666666666667,12.0,96,13,15,2,8,0.9310344827586207,0,0.0,1
4.075,11.428571428571429,80,13,8,1,7,0.8947368421052632,0,0.0,0
3.9583333333333335,9.6,48,3,5,1,5,0.8695652173913043,1,0.020833333333333332,0
4.0625,8.0,64,6,7,0,8,1.0,2,0.03125,0
4.148936170212766,15.666666666666666,47,6,4,1,3,1.0,2,0.0425531914893617,0
4.134020618556701,13.857142857142858,97,9,10,1,7,0.8,2,0.020618556701030927,1
4.0894568690095845,14.904761904761905,313,43,33,0,21,0.75,3,0.009584664536741214,1
3.9080882352941178,11.333333333333334,272,50,17,1,24,0.7016129032258065,2,0.007352941176470588,1
5.230769230769231,6.5,26,2,3,0,4,1.0,3,0.11538461538461539,0
4.2439024390243905,6.833333333333333,41,2,7,0,6,1.0,2,0.04878048780487805,0
5.0,8.333333333333334,25,3,1,0,3,0.8823529411764706,2,0.08,0
4.722222222222222,10.8,108,7,16,0,10,0.9482758620689655,2,0.018518518518518517,1
4.558139534883721,10.75,43,5,7,0,4,1.0,1,0.023255813953488372,1
4.117647058823529,10.818181818181818,119,13,15,4,11,0.9402985074626866,3,0.025210084033613446,1
4.555555555555555,18.0,72,8,6,1,4,0.9411764705882353,0,0.0,0
4.366666666666666,12.0,60,7,4,0,5,0.9642857142857143,1,0.016666666666666666,0
4.506849315068493,18.25,73,12,5,1,4,0.896551724137931,0,0.0,0
4.836363636363636,9.166666666666666,55,5,10,0,6,0.8611111111111112,0,0.0,1
3.950980392156863,14.571428571428571,306,34,26,1,21,0.676056338028169,7,0.02287581699346405,1
4.248447204968944,13.416666666666666,161,26,12,0,12,0.875,1,0.006211180124223602,1
4.479166666666667,8.0,48,5,6,0,6,1.0,1,0.020833333333333332,0
5.142857142857143,7.0,14,2,4,0,2,1.0,1,0.07142857142857142,0
4.4,10.0,10,0,2,0,1,0.8571428571428571,0,0.0,0
3.6785714285714284,11.2,56,2,6,0,5,0.9259259259259259,1,0.017857142857142856,1
4.217391304347826,7.666666666666667,46,5,7,0,6,0.8928571428571429,0,0.0,1
4.357142857142857,17.5,70,8,6,0,4,0.8048780487804879,4,0.05714285714285714,1
4.0,9.0,9,0,2,0,1,1.0,0,0.0,0
3.75,20.0,20,2,1,0,1,0.8888888888888888,0,0.0,0
4.0,6.5,13,1,3,0,2,1.0,0,0.0,0
4.4411764705882355,9.272727272727273,102,10,14,1,11,0.8181818181818182,6,0.058823529411764705,1
3.9411764705882355,11.333333333333334,68,8,10,0,6,0.8,0,0.0,1
4.190476190476191,10.5,42,9,2,0,4,0.9523809523809523,1,0.023809523809523808,1
4.426229508196721,12.2,61,3,6,0,5,0.9428571428571428,3,0.04918032786885246,0
5.172413793103448,29.0,29,3,4,1,1,1.0,1,0.034482758620689655,0
4.487179487179487,15.6,78,8,7,1,5,0.9523809523809523,3,0.038461538461538464,0
4.595238095238095,7.0,42,5,5,0,6,1.0,1,0.023809523809523808,1
4.673913043478261,9.2,46,2,9,0,5,0.8275862068965517,1,0.021739130434782608,1
4.142857142857143,10.5,21,4,2,0,2,1.0,0,0.0,1
4.928571428571429,7.0,28,3,3,0,4,0.875,2,0.07142857142857142,0
4.6,5.0,15,3,2,0,3,0.8888888888888888,0,0.0,0
4.020833333333333,16.0,48,9,5,0,3,1.0,4,0.08333333333333333,0
4.1571428571428575,14.0,70,7,10,0,5,0.8888888888888888,3,0.04285714285714286,1
3.5172413793103448,14.5,29,3,3,0,2,1.0,2,0.06896551724137931,0
4.217391304347826,7.666666666666667,46,5,7,0,6,0.8928571428571429,0,0.0,1
4.928571428571429,7.0,28,3,3,0,4,0.875,2,0.07142857142857142,0
3.8285714285714287,23.333333333333332,70,9,4,0,3,0.9333333333333333,3,0.04285714285714286,1
3.619047619047619,21.0,21,1,5,0,1,1.0,0,0.0,0
4.2204724409448815,15.875,127,17,12,1,8,0.8793103448275862,5,0.03937007874015748,1
3.69811320754717,13.25,53,4,5,0,4,0.9523809523809523,3,0.05660377358490566,1
4.225806451612903,7.75,31,2,9,0,4,1.0,3,0.0967741935483871,1
3.7083333333333335,10.285714285714286,72,11,7,0,7,0.9117647058823529,0,0.0,0
4.28,8.333333333333334,25,2,6,0,3,1.0,0,0.0,0
5.625,32.0,32,1,7,0,1,0.88,2,0.0625,0
4.2,15.0,30,5,3,1,2,1.0,1,0.03333333333333333,1
4.2,5.0,15,2,1,0,3,0.9,0,0.0,0
3.98,16.666666666666668,50,5,7,0,3,1.0,2,0.04,1
4.4,6.666666666666667,20,4,1,0,3,1.0,0,0.0,0
4.0212765957446805,11.75,47,5,6,0,4,0.9130434782608695,0,0.0,1
3.9210526315789473,9.5,38,5,2,0,4,1.0,0,0.0,0
4.837837837837838,18.5,37,3,6,0,2,1.0,3,0.08108108108108109,1
3.3636363636363638,11.0,11,1,2,0,1,1.0,0,0.0,0
4.767441860465116,8.6,43,2,9,0,5,0.896551724137931,5,0.11627906976744186,1
4.4324324324324325,18.5,37,6,2,0,2,0.8888888888888888,1,0.02702702702702703,0
4.0,23.0,46,3,7,0,2,1.0,0,0.0,1
4.2,15.0,45,6,4,0,3,0.8181818181818182,2,0.044444444444444446,0
4.729166666666667,9.6,48,4,7,1,5,0.9655172413793104,2,0.041666666666666664,1
4.2075471698113205,17.666666666666668,53,7,7,1,3,0.96,1,0.018867924528301886,0
4.973684210526316,7.6,38,3,2,1,5,1.0,4,0.10526315789473684,1
4.148148148148148,9.0,27,3,3,0,3,1.0,1,0.037037037037037035,0
4.428571428571429,14.0,42,3,8,0,3,0.9090909090909091,3,0.07142857142857142,1
4.208333333333333,8.0,24,4,1,0,3,1.0,2,0.08333333333333333,0
4.37,12.5,100,16,6,0,8,0.9047619047619048,2,0.02,1
4.166666666666667,15.6,78,10,8,1,5,0.8918918918918919,1,0.01282051282051282,1
4.34020618556701,16.166666666666668,97,8,15,0,6,0.9583333333333334,1,0.010309278350515464,1
3.96,8.333333333333334,25,3,4,0,3,1.0,2,0.08,0
4.6,11.666666666666666,35,7,4,0,3,1.0,1,0.02857142857142857,0
3.7058823529411766,8.5,34,6,1,0,4,1.0,1,0.029411764705882353,0
4.217948717948718,11.142857142857142,78,11,11,0,7,0.868421052631579,1,0.01282051282051282,1
4.355555555555555,9.0,45,4,5,0,5,0.84,0,0.0,0
4.017241379310345,6.444444444444445,58,6,8,0,9,0.9642857142857143,3,0.05172413793103448,1
4.533333333333333,11.25,45,2,6,1,4,1.0,1,0.022222222222222223,0
4.809523809523809,21.0,42,6,4,0,2,1.0,0,0.0,1
5.171428571428572,7.0,35,1,8,0,5,0.8888888888888888,0,0.0,0
3.9076923076923076,13.0,65,7,11,0,5,0.9285714285714286,0,0.0,1
4.613636363636363,11.0,44,4,6,0,4,1.0,0,0.0,0
4.513513513513513,12.333333333333334,37,6,5,0,3,0.95,0,0.0,1
4.15625,16.0,32,3,2,0,2,1.0,0,0.0,0
4.176470588235294,8.5,17,1,1,0,2,1.0,0,0.0,1
4.239130434782608,11.5,46,8,5,1,4,0.95,1,0.021739130434782608,0
4.268965517241379,18.125,145,14,16,0,8,0.8055555555555556,0,0.0,1
3.7777777777777777,6.0,18,1,3,0,3,1.0,0,0.0,1
3.625,16.0,48,7,3,0,3,0.8181818181818182,1,0.020833333333333332,1
3.9615384615384617,6.5,26,3,3,0,4,0.9090909090909091,3,0.11538461538461539,0
5.071428571428571,7.0,14,1,2,0,2,1.0,1,0.07142857142857142,0
4.096153846153846,26.0,52,8,4,0,2,0.9166666666666666,2,0.038461538461538464,0
4.113207547169812,10.6,53,7,5,0,5,0.9545454545454546,1,0.018867924528301886,1
4.625,6.857142857142857,48,5,10,0,7,0.9230769230769231,0,0.0,1
5.615384615384615,5.2,26,6,1,0,5,1.0,0,0.0,1
4.159090909090909,11.0,44,6,6,0,4,0.9583333333333334,3,0.06818181818181818,0
4.290322580645161,12.4,62,10,10,1,5,0.9714285714285714,0,0.0,0
5.045454545454546,11.0,44,6,6,0,4,1.0,3,0.06818181818181818,0
4.088235294117647,8.5,34,4,4,0,4,1.0,2,0.058823529411764705,1
3.4705882352941178,5.666666666666667,34,2,4,0,6,1.0,3,0.08823529411764706,0
3.973684210526316,7.6,38,3,5,0,5,0.9473684210526315,1,0.02631578947368421,0
4.6,5.0,15,3,2,0,3,0.8888888888888888,0,0.0,1
4.1521739130434785,9.2,46,11,1,1,5,0.9583333333333334,2,0.043478260869565216,1
3.857142857142857,7.0,35,3,5,0,5,0.9411764705882353,3,0.08571428571428572,0
4.215189873417722,6.583333333333333,79,8,15,0,12,0.8636363636363636,2,0.02531645569620253,1
4.25,12.0,48,5,9,0,4,0.8846153846153846,0,0.0,1
4.916666666666667,8.0,24,4,1,0,3,0.9285714285714286,2,0.08333333333333333,0
4.612903225806452,6.2,31,2,7,0,5,1.0,1,0.03225806451612903,0
4.672727272727273,18.333333333333332,55,6,6,2,3,1.0,0,0.0,1
4.09433962264151,13.25,53,4,6,0,4,0.9285714285714286,2,0.03773584905660377,0
3.8220338983050848,14.75,118,15,12,0,8,0.9,1,0.00847457627118644,1
4.009803921568627,17.0,102,10,6,0,6,0.9318181818181818,2,0.0196078431372549,1
4.822222222222222,15.0,90,10,8,2,6,0.9607843137254902,7,0.07777777777777778,1
4.090909090909091,5.5,11,2,1,0,2,1.0,0,0.0,0
4.2272727272727275,11.0,22,2,2,0,2,0.9,2,0.09090909090909091,0
4.55,5.0,20,6,1,0,4,0.8461538461538461,2,0.1,0
4.595238095238095,7.0,42,5,5,0,6,1.0,1,0.023809523809523808,1
4.324324324324325,9.25,37,4,5,1,4,0.8421052631578947,0,0.0,1
4.3,10.0,30,1,4,0,3,1.0,0,0.0,1
4.409090909090909,11.0,22,1,4,0,2,0.9166666666666666,0,0.0,0
5.083333333333333,12.0,12,0,3,0,1,1.0,0,0.0,0
4.714285714285714,7.0,21,2,2,0,3,0.9,1,0.047619047619047616,0
4.153846153846154,9.75,39,4,7,0,4,0.9545454545454546,0,0.0,1
4.076923076923077,6.5,13,0,2,0,2,1.0,2,0.15384615384615385,0
3.8,11.666666666666666,70,10,10,0,6,0.7837837837837838,1,0.014285714285714285,1
4.368421052631579,9.5,19,0,2,0,2,0.9090909090909091,0,0.0,0
3.91025641025641,11.142857142857142,78,7,8,0,7,0.9714285714285714,1,0.01282051282051282,1
4.0344827586206895,7.25,29,2,3,0,4,1.0,0,0.0,0
4.634615384615385,10.4,52,12,2,0,5,0.7741935483870968,2,0.038461538461538464,1
4.089285714285714,14.0,56,10,5,1,4,0.8888888888888888,2,0.03571428571428571,0
4.947368421052632,7.6,38,5,3,0,5,0.95,0,0.0,1
3.9523809523809526,10.5,42,4,5,0,4,0.8823529411764706,3,0.07142857142857142,0
4.583333333333333,12.0,60,10,6,0,5,1.0,4,0.06666666666666667,1
4.104166666666667,12.0,48,10,3,1,4,0.9629629629629629,2,0.041666666666666664,0
4.140350877192983,14.25,57,9,5,0,4,0.9,1,0.017543859649122806,1
4.0,10.25,41,3,5,0,4,1.0,0,0.0,0
3.967741935483871,7.75,31,4,3,1,4,0.9166666666666666,0,0.0,1
3.902439024390244,10.25,41,6,3,0,4,0.9411764705882353,2,0.04878048780487805,0
4.083333333333333,12.0,36,7,3,0,3,0.95,2,0.05555555555555555,1
4.389830508474576,14.75,59,10,2,0,4,0.8461538461538461,0,0.0,0
4.4021739130434785,9.2,92,11,9,2,10,0.7959183673469388,3,0.03260869565217391,1
4.181818181818182,11.0,55,4,8,0,5,0.9354838709677419,2,0.03636363636363636,0
3.876543209876543,11.571428571428571,81,10,4,2,7,0.918918918918919,0,0.0,1
4.578947368421052,11.4,57,6,5,0,5,0.8709677419354839,2,0.03508771929824561,0
4.009216589861751,16.692307692307693,217,28,19,2,13,0.8817204301075269,4,0.018433179723502304,1
4.6521739130434785,9.2,46,9,5,0,5,0.8518518518518519,3,0.06521739130434782,0
3.657142857142857,7.0,70,11,4,0,10,0.9,3,0.04285714285714286,1
3.925925925925926,10.8,54,4,4,0,5,0.9583333333333334,2,0.037037037037037035,0
4.1521739130434785,18.4,92,9,7,1,5,0.9512195121951219,0,0.0,1
4.444444444444445,12.0,72,7,9,0,6,0.8529411764705882,2,0.027777777777777776,0
4.464285714285714,18.666666666666668,56,5,6,0,3,0.875,4,0.07142857142857142,1
4.488372093023256,10.75,43,7,4,2,4,0.9473684210526315,1,0.023255813953488372,0
