Technique,Stopwords Removed,Normalization,N-gram,Pearson Correlation
BOW,False,None,Bigram,0.5288137780181956
BOW,False,None,Trigram,0.4147637783894459
BOW,False,None,Unigram,0.5219630474578614
BOW,False,Stemming,Bigram,0.5257931479005176
BOW,False,Stemming,Trigram,0.4127646892139488
BOW,False,Stemming,Unigram,0.5210554167136962
BOW,True,None,Bigram,0.3820469802779214
BOW,True,None,Trigram,0.17219593125598845
BOW,True,None,Unigram,0.5985765277140319
BOW,True,Stemming,Bigram,0.37798963269297603
BOW,True,Stemming,Trigram,0.17219593125598845
BOW,True,Stemming,Unigram,0.5946503467902479
TF-IDF,False,None,Bigram,0.4865120564483878
TF-IDF,False,None,Trigram,0.3963845068543186
TF-IDF,False,None,Unigram,0.49746866309092697
TF-IDF,False,Stemming,Bigram,0.4809969757706063
TF-IDF,False,Stemming,Trigram,0.39370984542766574
TF-IDF,False,Stemming,Unigram,0.4888577813000566
TF-IDF,True,None,Bigram,0.3859019294725985
TF-IDF,True,None,Trigram,0.17252828639728074
TF-IDF,True,None,Unigram,0.5551433379285888
TF-IDF,True,Stemming,Bigram,0.3796156202788356
TF-IDF,True,Stemming,Trigram,0.17252828639728074
TF-IDF,True,Stemming,Unigram,0.5378227643396898
WordNet,False,Lemmatization,-,0.5248269038985482
WordNet,False,None,-,0.5248269038985482
WordNet,True,Lemmatization,-,0.5575813558261974
WordNet,True,None,-,0.5575813558261974
